"ID";"ISBN";"Título";"Categoria";"Autor";"Editora";"Volume";"Núm. Páginas";"Caixa";"Preço";"Status";"Status Integração";"Data Cadastro";"Data Publicação";"Emprestado Para"
"1";"9788551009840";"Vou Te Receitar Um Gato";"LIVRO";"";"";"1";"";"1";"";"COLECAO";"NAO_ENCONTRADO";"08/05/2026";"";""
"2";"9786589912125";"A Policia Secreta Para Crimes Magicos";"LIVRO";"";"";"1";"";"1";"";"COLECAO";"NAO_ENCONTRADO";"08/05/2026";"";""
"3";"9788578276300";"O Hobbit";"LIVRO";"";"";"1";"";"1";"";"COLECAO";"NAO_ENCONTRADO";"08/05/2026";"";""
"4";"9788566636086";"Os Goonies";"LIVRO";"James Kahn";"Darkside";"1";"";"1";"";"COLECAO";"ENRIQUECIDO";"08/05/2026";"";""
"5";"9788593695452";"Gostaria Tudo Com Pizza";"LIVRO";"Pedro Duarte";"";"1";"";"1";"";"COLECAO";"ENRIQUECIDO";"08/05/2026";"";""
"6";"9788592795870";"Kindred";"LIVRO";"Octavia E. Butler";"Morro Branco";"1";"432";"1";"";"COLECAO";"ENRIQUECIDO";"08/05/2026";"";""
"7";"9788545712367";"Akira";"HQ";"Katsuhiro Ōtomo";"Editora Jbc";"5";"416";"1";"";"COLECAO";"ENRIQUECIDO";"08/05/2026";"01/10/2019";""
"8";"9788545702870";"Akira";"HQ";"Katsuhiro Ōtomo";"Editora Jbc";"1";"362";"1";"";"COLECAO";"ENRIQUECIDO";"08/05/2026";"01/06/2017";""
"9";"9788545711513";"Akira";"HQ";"Katsuhiro Ōtomo";"Editora Jbc";"4";"400";"1";"";"COLECAO";"ENRIQUECIDO";"08/05/2026";"";""
"10";"9788545712374";"Akira";"HQ";"Katsuhiro Ōtomo";"Editora Jbc";"6";"440";"1";"";"COLECAO";"ENRIQUECIDO";"08/05/2026";"01/12/2019";""
"11";"9788545703679";"Akira";"HQ";"Katsuhiro Ōtomo";"Editora Jbc";"2";"304";"1";"";"COLECAO";"ENRIQUECIDO";"08/05/2026";"01/06/2018";""
"12";"9788545707226";"Akira";"HQ";"Katsuhiro Ōtomo";"Editora Jbc";"3";"288";"1";"";"COLECAO";"ENRIQUECIDO";"08/05/2026";"01/11/2018";""
"13";"9786554482356";"Almanaque Das Estaçoes";"HQ";"Kan Takahama";"";"1";"";"2";"";"COLECAO";"NAO_ENCONTRADO";"08/05/2026";"";""
"14";"9786586672244";"Recado A Adolf";"HQ";"Osamu Tezuka";"Editora Pipoca & Nanquim";"2";"676";"2";"";"COLECAO";"ENRIQUECIDO";"08/05/2026";"";""
"15";"9786586672220";"Recado A Adolf";"HQ";"Osamu Tezuka";"Editora Pipoca & Nanquim";"1";"612";"2";"";"COLECAO";"ENRIQUECIDO";"08/05/2026";"";""
"16";"9788595710153";"Ayako";"HQ";"Osamu Tezuka";"Editora Veneta";"1";"720";"2";"";"COLECAO";"ENRIQUECIDO";"08/05/2026";"";""
"17";"9786589912552";"A Lanterna De Nix";"HQ";"Kan Takahama";"Editora Pipoca & Nanquim";"1";"404";"2";"";"COLECAO";"ENRIQUECIDO";"08/05/2026";"";""
"18";"9786589912460";"A Lanterna De Nix";"HQ";"Kan Takahama";"";"3";"";"2";"";"COLECAO";"NAO_ENCONTRADO";"08/05/2026";"";""
"19";"9786589912521";"A Lanterna De Nix";"HQ";"Kan Takahama";"";"2";"";"2";"";"COLECAO";"NAO_ENCONTRADO";"08/05/2026";"";""
"20";"9788593695360";"O Ultimo Voo Das Borboletas";"HQ";"Kan Takahama";"Editora Pipoca & Nanquim";"1";"172";"2";"";"COLECAO";"ENRIQUECIDO";"08/05/2026";"";""
"21";"9788567566184";"Contos De Fadas";"LIVRO";"Jacob Grimm";"Wish Editora";"1";"450";"3";"";"COLECAO";"ENRIQUECIDO";"08/05/2026";"";""
"22";"9786588218853";"Contos Asiaticos";"LIVRO";"";"";"1";"";"3";"";"COLECAO";"NAO_ENCONTRADO";"08/05/2026";"";""
"23";"9788567566177";"Contos Nordicos";"LIVRO";"Hans Christian Andersen";"Editora";"1";"";"3";"";"COLECAO";"ENRIQUECIDO";"08/05/2026";"";""
"24";"9786588218303";"Contos Celtas";"LIVRO";"";"";"1";"";"3";"";"COLECAO";"NAO_ENCONTRADO";"08/05/2026";"";""
"25";"9788575327647";"O Gourmet Solitario";"HQ";"Jiro Taniguchi";"Devir";"1";"200";"3";"";"COLECAO";"ENRIQUECIDO";"08/05/2026";"";""
"26";"9788575327319";"O Homem Que Passeia";"HQ";"Jiro Taniguchi";"Devir";"1";"244";"3";"";"COLECAO";"ENRIQUECIDO";"08/05/2026";"";""
"27";"9786586672930";"A Valise Do Professor";"HQ";"Jiro Taniguchi";"";"1";"";"3";"";"COLECAO";"NAO_ENCONTRADO";"08/05/2026";"";""
"28";"9786586672862";"Tokyo Killers";"HQ";"Jiro Taniguchi";"";"1";"";"3";"";"COLECAO";"NAO_ENCONTRADO";"08/05/2026";"";""
"29";"9786586672596";"As Cronicas Da Era Do Gelo";"HQ";"Jiro Taniguchi";"Editora Pipoca & Nanquim";"2";"312";"3";"";"COLECAO";"ENRIQUECIDO";"08/05/2026";"";""
"30";"9786586672619";"As Cronicas Da Era Do Gelo";"HQ";"Jiro Taniguchi";"Editora Pipoca & Nanquim";"1";"276";"3";"";"COLECAO";"ENRIQUECIDO";"08/05/2026";"";""
"31";"9786586672923";"Um Bairro Distante";"HQ";"Jiro Taniguchi";"";"1";"";"3";"";"COLECAO";"NAO_ENCONTRADO";"08/05/2026";"";""
"32";"9788576574866";"Box Trilogia Fundação";"LIVRO";"Isaac Asimov";"";"1";"";"4";"";"COLECAO";"NAO_ENCONTRADO";"08/05/2026";"";""
"33";"9788551001226";"Materia Escura";"LIVRO";"Jonathan C. Young";"Intrinseca";"1";"";"4";"";"COLECAO";"ENRIQUECIDO";"08/05/2026";"";""
"34";"9788551005361";"Recursao";"LIVRO";"Jonathan C. Young";"";"1";"";"4";"";"COLECAO";"ENRIQUECIDO";"08/05/2026";"";""
"35";"9786589912163";"Mais Forte Que A Espada";"HQ";"Hiroshi Hirata";"";"1";"";"4";"";"COLECAO";"NAO_ENCONTRADO";"08/05/2026";"";""
"36";"9786589912040";"Mais Forte Que A Espada";"HQ";"Hiroshi Hirata";"";"2";"";"4";"";"COLECAO";"NAO_ENCONTRADO";"08/05/2026";"";""
"37";"9786586672091";"Satsuma Gishiden";"HQ";"Hiroshi Hirata";"Editora Pipoca & Nanquim";"1";"452";"4";"";"COLECAO";"ENRIQUECIDO";"08/05/2026";"";""
"38";"9786586672176";"Satsuma Gishiden";"HQ";"Hiroshi Hirata";"Editora Pipoca & Nanquim";"2";"452";"4";"";"COLECAO";"ENRIQUECIDO";"08/05/2026";"";""
"39";"9786586672183";"Satsuma Gishiden";"HQ";"Hiroshi Hirata";"Editora Pipoca & Nanquim";"3";"436";"4";"";"COLECAO";"ENRIQUECIDO";"08/05/2026";"";""
"40";"9788582863671";"Não Era Voce Quem Eu Esperava";"HQ";"Fabien Toulme";"";"1";"";"5";"";"COLECAO";"NAO_ENCONTRADO";"08/05/2026";"";""
"41";"9788535906288";"Maus";"HQ";"";"Quadrinhos Na Cia";"1";"";"5";"";"COLECAO";"ENRIQUECIDO";"08/05/2026";"";""
"42";"9788582865194";"A Odisseia De Hakim";"HQ";"Fabien Toulme";"";"1";"";"5";"";"COLECAO";"NAO_ENCONTRADO";"08/05/2026";"";""
"43";"9786586128338";"A Odisseia De Hakim";"HQ";"Fabien Toulme";"";"2";"";"5";"";"COLECAO";"NAO_ENCONTRADO";"08/05/2026";"";""
"44";"9786586128420";"A Odisseia De Hakim";"HQ";"Fabien Toulme";"";"3";"";"5";"";"COLECAO";"NAO_ENCONTRADO";"08/05/2026";"";""
"45";"9786525919553";"Acho Que Meu Filho É Gay";"HQ";"";"";"1";"";"5";"";"COLECAO";"NAO_ENCONTRADO";"08/05/2026";"";""
"46";"9786525918846";"Acho Que Meu Filho É Gay";"HQ";"";"";"2";"";"5";"";"COLECAO";"NAO_ENCONTRADO";"08/05/2026";"";""
"47";"9786525917177";"Acho Que Meu Filho É Gay";"HQ";"";"";"3";"";"5";"";"COLECAO";"NAO_ENCONTRADO";"08/05/2026";"";""
"48";"9786525915883";"Acho Que Meu Filho É Gay";"HQ";"";"";"4";"";"5";"";"COLECAO";"NAO_ENCONTRADO";"08/05/2026";"";""
"49";"9786525914800";"Acho Que Meu Filho É Gay";"HQ";"";"";"5";"";"5";"";"COLECAO";"NAO_ENCONTRADO";"08/05/2026";"";""
"50";"9788582864715";"Duas Vidas";"HQ";"Fabien Toulme";"Nemo";"1";"272";"5";"";"COLECAO";"NAO_ENCONTRADO";"08/05/2026";"";""
"51";"9786555941265";"Chi Is Sweet Home";"HQ";"こなみかなた [konami Kanata]";"Editora Jbc";"2";"160";"5";"";"COLECAO";"ENRIQUECIDO";"08/05/2026";"";""
"52";"9786555941791";"Chi Is Sweet Home";"HQ";"Konami Kanata";"Editora Jbc";"3";"";"5";"";"COLECAO";"NAO_ENCONTRADO";"08/05/2026";"";""
"53";"9786555942576";"Chi Is Sweet Home";"HQ";"Konami Kanata";"Editora Jbc";"4";"";"5";"";"COLECAO";"NAO_ENCONTRADO";"08/05/2026";"";""
"54";"9786555942989";"Chi Is Sweet Home";"HQ";"Konami Kanata";"Editora Jbc";"5";"";"5";"";"COLECAO";"NAO_ENCONTRADO";"08/05/2026";"";""
"55";"9786555943276";"Chi Is Sweet Home";"HQ";"Konami Kanata";"Editora Jbc";"6";"";"5";"";"COLECAO";"NAO_ENCONTRADO";"08/05/2026";"";""
"56";"9786555940831";"Chi Is Sweet Home";"HQ";"こなみかなた [konami Kanata]";"Editora Jbc";"1";"168";"5";"";"COLECAO";"ENRIQUECIDO";"08/05/2026";"";""
"57";"9786555944228";"Chi Is Sweet Home";"HQ";"Konami Kanata";"Editora Jbc";"7";"";"5";"";"COLECAO";"NAO_ENCONTRADO";"08/05/2026";"";""
"58";"9786555946604";"Chi Is Sweet Home";"HQ";"Konami Kanata";"Editora Jbc";"12";"";"5";"";"COLECAO";"NAO_ENCONTRADO";"08/05/2026";"";""
"59";"9786555946338";"Chi Is Sweet Home";"HQ";"Konami Kanata";"Editora Jbc";"11";"";"5";"";"COLECAO";"NAO_ENCONTRADO";"08/05/2026";"";""
"60";"9786555945928";"Chi Is Sweet Home";"HQ";"Konami Kanata";"Editora Jbc";"10";"";"5";"";"COLECAO";"NAO_ENCONTRADO";"08/05/2026";"";""
"61";"9786555945089";"Chi Is Sweet Home";"HQ";"Konami Kanata";"Editora Jbc";"9";"";"5";"";"COLECAO";"NAO_ENCONTRADO";"08/05/2026";"";""
"62";"9786555944525";"Chi Is Sweet Home";"HQ";"Konami Kanata";"Editora Jbc";"8";"";"5";"";"COLECAO";"NAO_ENCONTRADO";"08/05/2026";"";""
"63";"9788555341618";"Heartstopper";"HQ";"";"";"1";"";"6";"";"COLECAO";"NAO_ENCONTRADO";"08/05/2026";"";""
"64";"9788555341625";"Heartstopper";"HQ";"";"";"2";"";"6";"";"COLECAO";"NAO_ENCONTRADO";"08/05/2026";"";""
"65";"9788555341922";"Heartstopper";"HQ";"";"";"3";"";"6";"";"COLECAO";"NAO_ENCONTRADO";"08/05/2026";"";""
"66";"9788555342066";"Heartstopper";"HQ";"";"";"4";"";"6";"";"COLECAO";"NAO_ENCONTRADO";"08/05/2026";"";""
"67";"9788555342943";"Heartstopper";"HQ";"";"";"5";"";"6";"";"COLECAO";"NAO_ENCONTRADO";"08/05/2026";"";""
"68";"9786554480444";"Confins De Um Sonho";"HQ";"";"";"1";"";"6";"";"COLECAO";"NAO_ENCONTRADO";"08/05/2026";"";""
"69";"9788555340895";"Conectadas";"LIVRO";"Clara Alves";"Seguinte";"1";"";"6";"";"COLECAO";"ENRIQUECIDO";"08/05/2026";"";""
"70";"9786588343586";"A Princesa E O Queijo Quente";"HQ";"";"";"1";"";"6";"";"COLECAO";"NAO_ENCONTRADO";"08/05/2026";"";""
"71";"9786584923362";"Amor Fati";"LIVRO";"";"";"1";"";"6";"";"COLECAO";"NAO_ENCONTRADO";"08/05/2026";"";""
"72";"9788555341571";"A Ultima Parada";"LIVRO";"Casey Mcquiston";"Seguinte";"1";"395";"6";"";"COLECAO";"ENRIQUECIDO";"08/05/2026";"";""
"73";"9786585348119";"Orgulho E Preconceito E Nos Duas";"LIVRO";"";"";"1";"";"6";"";"COLECAO";"NAO_ENCONTRADO";"08/05/2026";"";""
"74";"9786586015461";"A Casa No Mar Ceruleo";"LIVRO";"";"";"1";"";"6";"";"COLECAO";"NAO_ENCONTRADO";"08/05/2026";"";""
"75";"9788583622864";"Minha Experiencia Lesbica Com A Solidao";"HQ";"";"";"1";"";"6";"";"COLECAO";"NAO_ENCONTRADO";"08/05/2026";"";""
"76";"9788535911626";"Persepolis";"HQ";"Marjane Satrapi";"Quadrinhos Na Cia.";"1";"352";"7";"";"COLECAO";"ENRIQUECIDO";"08/05/2026";"";""
"77";"9786555942965";"A Princesa E O Cavaleiro A Noite Da Princesa";"HQ";"";"";"1";"";"7";"";"COLECAO";"NAO_ENCONTRADO";"08/05/2026";"";""
"78";"9786555942460";"A Princesa E O Cavaleiro";"HQ";"";"";"2";"";"7";"";"COLECAO";"NAO_ENCONTRADO";"08/05/2026";"";""
"79";"9786555941883";"A Princesa E O Cavaleiro";"HQ";"";"";"1";"";"7";"";"COLECAO";"NAO_ENCONTRADO";"08/05/2026";"";""
"80";"9788588808416";"Bone";"HQ";"Jonathan C. Young";"Todavia";"1";"";"7";"";"COLECAO";"ENRIQUECIDO";"08/05/2026";"";""
"81";"9788588808904";"Bone";"HQ";"Jonathan C. Young";"Todavia";"2";"";"7";"";"COLECAO";"ENRIQUECIDO";"08/05/2026";"";""
"82";"9786580309412";"Bone";"HQ";"";"";"3";"";"7";"";"COLECAO";"NAO_ENCONTRADO";"08/05/2026";"";""
"83";"9788582866290";"Reflexos Do Mundo Trabalhar E Viver";"HQ";"";"";"2";"";"7";"";"COLECAO";"NAO_ENCONTRADO";"08/05/2026";"";""
"84";"9788582865774";"Reflexos Do Mundo Na Luta";"HQ";"";"";"1";"";"7";"";"COLECAO";"NAO_ENCONTRADO";"08/05/2026";"";""
"85";"9788582865316";"Suzette";"HQ";"";"";"1";"";"7";"";"COLECAO";"NAO_ENCONTRADO";"08/05/2026";"";""
"86";"9788560647668";"Os Filhos De Safari E Outros Mangas";"HQ";"";"";"1";"";"7";"";"COLECAO";"NAO_ENCONTRADO";"08/05/2026";"";""
"87";"9788535918328";"Tres Sombras";"HQ";"Cyril Pedrosa";"Quadrinhos Na Cia";"1";"";"8";"";"COLECAO";"ENRIQUECIDO";"08/05/2026";"";""
"88";"9788535928129";"Repeteco";"HQ";"Bryan Lee O'malley";"Quadrinhos Na Cia";"1";"";"8";"";"COLECAO";"ENRIQUECIDO";"08/05/2026";"";""
"89";"9786500357646";"Corso";"HQ";"Danilo Beyruth";"Comixzone";"1";"232";"9";"";"COLECAO";"ENRIQUECIDO";"08/05/2026";"";""
"90";"9788593695506";"Moonshadow";"HQ";"";"Editora Pipoca & Nanquim";"1";"";"8";"";"COLECAO";"NAO_ENCONTRADO";"08/05/2026";"";""
"91";"9788593695216";"Beasts Of Burden Caes Sabios E Homens Nefastos";"HQ";"";"Editora Pipoca & Nanquim";"1";"";"8";"";"COLECAO";"NAO_ENCONTRADO";"08/05/2026";"";""
"92";"9788593695575";"Beasts Of Burden Guardioes Da Vizinhanca";"HQ";"";"Editora Pipoca & Nanquim";"1";"";"8";"";"COLECAO";"NAO_ENCONTRADO";"08/05/2026";"";""
"93";"9788593695032";"Beasts Of Burden Rituais Animais";"HQ";"Evan Dorkin";"Evan Dorkin";"1";"";"8";"";"COLECAO";"ENRIQUECIDO";"08/05/2026";"";""
"94";"9788593695025";"Moby Dick";"HQ";"";"";"1";"";"8";"";"COLECAO";"NAO_ENCONTRADO";"08/05/2026";"";""
"95";"9786554480123";"Museu";"HQ";"";"";"1";"";"8";"";"COLECAO";"NAO_ENCONTRADO";"08/05/2026";"";""
"96";"9786589912576";"Yellow Cab";"HQ";"";"";"1";"";"8";"";"COLECAO";"NAO_ENCONTRADO";"08/05/2026";"";""
"97";"9786554482554";"Acender Uma Fogueira";"HQ";"";"";"1";"";"8";"";"COLECAO";"NAO_ENCONTRADO";"08/05/2026";"";""
"98";"9786589912200";"Jun";"HQ";"";"";"1";"";"9";"";"COLECAO";"NAO_ENCONTRADO";"08/05/2026";"";""
"99";"9788593695292";"Solitario";"HQ";"";"";"1";"";"9";"";"COLECAO";"NAO_ENCONTRADO";"08/05/2026";"";""
"100";"9781250258021";"Rainbow Rowell";"HQ";"Rainbow Rowell";"St. Martin's Press";"2";"356";"9";"";"COLECAO";"ENRIQUECIDO";"08/05/2026";"";""
"101";"9781250135025";"Rainbow Rowell";"HQ";"Rainbow Rowell";"Wednesday Books";"1";"528";"9";"";"COLECAO";"ENRIQUECIDO";"08/05/2026";"";""
"102";"9786558033035";"Mayara E Annabelle";"HQ";"";"";"1";"";"9";"";"COLECAO";"NAO_ENCONTRADO";"08/05/2026";"";""
"103";"9786555140361";"A Casa";"HQ";"";"";"1";"";"9";"";"COLECAO";"NAO_ENCONTRADO";"08/05/2026";"";""
"104";"9788575326213";"Rugas";"HQ";"";"";"1";"";"9";"";"COLECAO";"NAO_ENCONTRADO";"08/05/2026";"";""
"105";"9788582866030";"Inesqueciveis";"HQ";"";"";"1";"";"9";"";"COLECAO";"NAO_ENCONTRADO";"08/05/2026";"";""
"106";"9788582866610";"Inesqueciveis";"HQ";"";"";"2";"";"9";"";"COLECAO";"NAO_ENCONTRADO";"08/05/2026";"";""
"107";"9786555140767";"Inverno No Zoo";"HQ";"Jiro Taniguchi";"";"1";"";"9";"";"COLECAO";"ENRIQUECIDO";"08/05/2026";"";""
"108";"9788580632927";"Mafalda";"HQ";"";"";"1";"";"9";"";"COLECAO";"NAO_ENCONTRADO";"08/05/2026";"";""
"109";"9788555340567";"A Louca Dos Gatos";"HQ";"Sarah Andersen";"Seguinte";"1";"";"10";"";"COLECAO";"ENRIQUECIDO";"08/05/2026";"";""
"110";"9788555343032";"Esquisitona";"HQ";"";"";"1";"";"10";"";"COLECAO";"NAO_ENCONTRADO";"08/05/2026";"";""
"111";"9788555340215";"Ninguem Vira Adulto De Verdade";"HQ";"Sarah Andersen";"Seguinte";"1";"";"10";"";"COLECAO";"ENRIQUECIDO";"08/05/2026";"";""
"112";"9788555340451";"Uma Bolota Molenga E Feliz";"HQ";"";"";"1";"";"10";"";"COLECAO";"NAO_ENCONTRADO";"08/05/2026";"";""
"113";"9786500276800";"Crisalida";"HQ";"";"";"1";"";"10";"";"COLECAO";"NAO_ENCONTRADO";"08/05/2026";"";""
"114";"9781338540574";"The Girl From The Sea";"HQ";"Lee Knox Ostertag";"Graphix";"1";"256";"10";"";"COLECAO";"ENRIQUECIDO";"08/05/2026";"";""
"115";"9788555342370";"Nick E Charlie";"LIVRO";"";"";"1";"";"10";"";"COLECAO";"NAO_ENCONTRADO";"08/05/2026";"";""
"116";"9786558812227";"Tinha Tudo Pra Dar Errado";"LIVRO";"";"";"1";"";"10";"";"COLECAO";"NAO_ENCONTRADO";"08/05/2026";"";""
"117";"9781250183880";"Stargazing";"HQ";"Jen Wang";"First Second";"1";"224";"10";"";"COLECAO";"ENRIQUECIDO";"08/05/2026";"";""
"118";"9781549303043";"Mooncakes";"HQ";"Suzanne Walker";"Lion Forge, Llc, The";"1";"256";"10";"";"COLECAO";"ENRIQUECIDO";"08/05/2026";"";""
"119";"9788556511355";"Orbita De Inverno";"LIVRO";"";"";"1";"";"10";"";"COLECAO";"NAO_ENCONTRADO";"08/05/2026";"";""
"120";"9781626723634";"The Prince And The Dressmaker";"HQ";"Jen Wang";"";"1";"276";"10";"";"COLECAO";"ENRIQUECIDO";"08/05/2026";"";""
"121";"9786559810833";"Luzes Do Norte";"LIVRO";"";"";"1";"";"10";"";"COLECAO";"NAO_ENCONTRADO";"08/05/2026";"";""
"122";"9786559811892";"Sombras Do Sul";"LIVRO";"";"";"1";"";"10";"";"COLECAO";"NAO_ENCONTRADO";"08/05/2026";"";""
"123";"9781534431454";"The Okay Witch";"HQ";"Emma Steinkellner";"Simon & Schuster Children's Publishing";"1";"272";"10";"";"COLECAO";"ENRIQUECIDO";"08/05/2026";"";""
"124";"9781534431485";"The Okay Witch";"HQ";"Emma Steinkellner";"Aladdin";"2";"256";"10";"";"COLECAO";"ENRIQUECIDO";"08/05/2026";"";""
"125";"9781338089516";"The Witch Boy";"HQ";"Lee Knox Ostertag";"Graphix, An Imprint Of Scholastic";"1";"";"10";"";"COLECAO";"ENRIQUECIDO";"08/05/2026";"";""
"126";"9781338253757";"The Hidden Witch";"HQ";"Lee Knox Ostertag";"Scholastic Graphix";"2";"202";"10";"";"COLECAO";"ENRIQUECIDO";"08/05/2026";"";""
"127";"9781338540550";"The Midwinter Witch";"HQ";"Lee Knox Ostertag";"Graphix, An Imprint Of Scholastic";"3";"";"10";"";"COLECAO";"ENRIQUECIDO";"08/05/2026";"";""
"128";"9788582866658";"Ulis";"HQ";"";"";"1";"";"0";"";"EMPRESTADO";"NAO_ENCONTRADO";"08/05/2026";"";"Leticia Costa"
"129";"9786500372410";"A Heranca Do Coronel";"HQ";"";"";"1";"";"11";"";"COLECAO";"NAO_ENCONTRADO";"08/05/2026";"";""
"130";"9788555341427";"Arlindo";"HQ";"Ilustralu";"";"1";"";"11";"";"COLECAO";"ENRIQUECIDO";"08/05/2026";"";""
"131";"9786500325850";"Preferencia Do Sistema";"HQ";"";"";"1";"";"11";"";"COLECAO";"NAO_ENCONTRADO";"08/05/2026";"";""
"132";"9788593695438";"Roseira Medalha E Engenho";"HQ";"Jefferson Costa";"";"1";"";"11";"";"COLECAO";"ENRIQUECIDO";"08/05/2026";"";""
"133";"976586672121";"Ogiva";"HQ";"";"";"1";"";"11";"";"COLECAO";"NAO_ENCONTRADO";"08/05/2026";"";""
"134";"9786586672701";"O Procurador";"HQ";"";"";"1";"";"11";"";"COLECAO";"NAO_ENCONTRADO";"08/05/2026";"";""
"135";"9786586672480";"Gatilho";"HQ";"";"";"1";"";"11";"";"COLECAO";"NAO_ENCONTRADO";"08/05/2026";"";""
"136";"9786500057294";"A Grande Farsa";"HQ";"";"";"1";"";"11";"";"COLECAO";"NAO_ENCONTRADO";"08/05/2026";"";""
